{"cameraMode":{"drawMode":0,"name":"Shaded","section":"Shading Mode"},"sceneLighting":false,"audioPlay":false,"sceneViewState":{"showFog":true,"showMaterialUpdate":false,"showSkybox":true,"showFlares":true,"showImageEffects":true,"showParticleSystems":true},"in2DMode":false,"pivot":{"x":-0.1530643105506897,"y":-1.0645337104797364,"z":8.61374568939209},"rotation":{"x":0.6996428370475769,"y":0.0010718449484556914,"z":-0.0010490912245586515,"w":0.7144911885261536},"size":3.8791065216064455,"orthographic":false}