{"cameraMode":{"drawMode":0,"name":"Shaded","section":"Shading Mode"},"sceneLighting":true,"audioPlay":false,"sceneViewState":{"showFog":true,"showMaterialUpdate":false,"showSkybox":true,"showFlares":true,"showImageEffects":true,"showParticleSystems":true},"in2DMode":false,"pivot":{"x":-0.7501595616340637,"y":2.1320414543151857,"z":1.1099591255187989},"rotation":{"x":0.7102808952331543,"y":0.0010558782378211618,"z":-0.0010654208017513157,"w":0.7039167284965515},"size":26.30778694152832,"orthographic":false}