{"cameraMode":{"drawMode":0,"name":"Shaded","section":"Shading Mode"},"sceneLighting":true,"audioPlay":false,"sceneViewState":{"showFog":true,"showMaterialUpdate":false,"showSkybox":true,"showFlares":true,"showImageEffects":true,"showParticleSystems":true},"in2DMode":false,"pivot":{"x":1.9198145866394044,"y":-4.583426475524902,"z":7.733110427856445},"rotation":{"x":0.23959819972515107,"y":0.22670020163059236,"z":-0.05764473229646683,"w":0.9422721862792969},"size":17.376081466674806,"orthographic":false}