{"cameraMode":{"drawMode":0,"name":"Shaded","section":"Shading Mode"},"sceneLighting":false,"audioPlay":false,"sceneViewState":{"showFog":true,"showMaterialUpdate":false,"showSkybox":true,"showFlares":true,"showImageEffects":true,"showParticleSystems":true},"in2DMode":false,"pivot":{"x":-0.022384166717529298,"y":-0.07459020614624024,"z":17.110000610351564},"rotation":{"x":0.6996428370475769,"y":0.0010718449484556914,"z":-0.0010490912245586515,"w":0.7144911885261536},"size":6.937275409698486,"orthographic":false}