{"cameraMode":{"drawMode":0,"name":"Shaded","section":"Shading Mode"},"sceneLighting":false,"audioPlay":false,"sceneViewState":{"showFog":true,"showMaterialUpdate":false,"showSkybox":true,"showFlares":true,"showImageEffects":true,"showParticleSystems":true},"in2DMode":false,"pivot":{"x":-0.01702439785003662,"y":0.004049509763717651,"z":-0.02370762825012207},"rotation":{"x":0.32034510374069216,"y":0.247511088848114,"z":-0.08710715919733048,"w":0.9102360606193543},"size":2.9922068119049074,"orthographic":false}